-- TC_AREA
INSERT INTO TC_AREA (ID_AREA, NOMBRE_AREA, FECHA_CREACION, CODE) VALUES(1, 'Automotriz', CURRENT_DATE, '1');
INSERT INTO TC_AREA (ID_AREA, NOMBRE_AREA, FECHA_CREACION, CODE) VALUES(2, 'Intermodal', CURRENT_DATE, '2');
INSERT INTO TC_AREA (ID_AREA, NOMBRE_AREA, FECHA_CREACION, CODE) VALUES(3, 'Industrial',CURRENT_DATE, '3');
INSERT INTO TC_AREA (ID_AREA, NOMBRE_AREA, FECHA_CREACION, CODE) VALUES(4, 'Metales, Minerales y Cementos', CURRENT_DATE, '4');
INSERT INTO TC_AREA (ID_AREA, NOMBRE_AREA, FECHA_CREACION, CODE) VALUES(5, 'Agrícola', CURRENT_DATE, '5');
INSERT INTO TC_AREA (ID_AREA, NOMBRE_AREA, FECHA_CREACION, CODE) VALUES(6, 'Químico, Fertilizante y Energía', CURRENT_DATE, '6');
INSERT INTO TC_AREA (ID_AREA, NOMBRE_AREA, FECHA_CREACION, CODE) VALUES(7, 'eBusiness', CURRENT_DATE, 'SE');

-- TC_CANAL
INSERT INTO TC_CANAL (CANAL_ID, CANAL_NOMBRE, CANAL_FECHA_CREACION) VALUES(1, 'Web', CURRENT_DATE);
INSERT INTO TC_CANAL (CANAL_ID, CANAL_NOMBRE, CANAL_FECHA_CREACION) VALUES(2, 'Whatsapp', CURRENT_DATE);

-- TC_ENCUESTA
INSERT INTO TC_ENCUESTA (ID_ENCUESTA, NOMBRE_ENCUESTA, FECHA_CREACION, SCORE) VALUES(1, 'Excelente servicio', CURRENT_DATE, '5');
INSERT INTO TC_ENCUESTA (ID_ENCUESTA, NOMBRE_ENCUESTA, FECHA_CREACION, SCORE) VALUES(2, 'Muy buen servicio', CURRENT_DATE, '4');
INSERT INTO TC_ENCUESTA (ID_ENCUESTA, NOMBRE_ENCUESTA, FECHA_CREACION, SCORE) VALUES(3, 'Buen servicio', CURRENT_DATE, '3');
INSERT INTO TC_ENCUESTA (ID_ENCUESTA, NOMBRE_ENCUESTA, FECHA_CREACION, SCORE) VALUES(4, 'Servicio regular', CURRENT_DATE, '2');
INSERT INTO TC_ENCUESTA (ID_ENCUESTA, NOMBRE_ENCUESTA, FECHA_CREACION, SCORE) VALUES(5, 'Mal servicio', CURRENT_DATE, '1');

-- TC_ESTATUS
INSERT INTO TC_ESTATUS (ESTATUS_ID, ESTATUS_NOMBRE, ESTATUS_FECHA_CREACION) VALUES(5, 'Expirado', CURRENT_DATE);
INSERT INTO TC_ESTATUS (ESTATUS_ID, ESTATUS_NOMBRE, ESTATUS_FECHA_CREACION) VALUES(3, 'Abierto', CURRENT_DATE);
INSERT INTO TC_ESTATUS (ESTATUS_ID, ESTATUS_NOMBRE, ESTATUS_FECHA_CREACION) VALUES(4, 'Cerrado', CURRENT_DATE);

-- TC_LANGUAJE
INSERT INTO TC_LANGUAJE (ID_LANGUAJE, CODE, NOMBRE, FECHA_CREACION) VALUES(1, 'ES', 'ESPAÑOL', CURRENT_DATE);
INSERT INTO TC_LANGUAJE (ID_LANGUAJE, CODE, NOMBRE, FECHA_CREACION) VALUES(2, 'EN', 'INGLES', CURRENT_DATE);

-- TC_PARAMETRO
INSERT INTO TC_PARAMETRO (ID_PARAMETRO, NOMBRE, VALOR, CODE, MAIL, STATUS, FECHA_CREACION, DESCRIPCION) VALUES(1, 'EmailSCAutomotriz', 'ebusiness@ferromex.com.mx', '1', 'ebusiness@ferromex.com.mx', 1, CURRENT_DATE, NULL);
INSERT INTO TC_PARAMETRO (ID_PARAMETRO, NOMBRE, VALOR, CODE, MAIL, STATUS, FECHA_CREACION, DESCRIPCION) VALUES(2, 'EmailSCIntermodal', 'lalfonso@netasystems.mx', '2', 'lalfonso@netasystems.mx', 1, CURRENT_DATE, NULL);
INSERT INTO TC_PARAMETRO (ID_PARAMETRO, NOMBRE, VALOR, CODE, MAIL, STATUS, FECHA_CREACION, DESCRIPCION) VALUES(3, 'EmailSCIndustrial', 'armando.alvarez@ferromex.mx', '3', 'armando.alvarez@ferromex.mx', 1, CURRENT_DATE, NULL);
INSERT INTO TC_PARAMETRO (ID_PARAMETRO, NOMBRE, VALOR, CODE, MAIL, STATUS, FECHA_CREACION, DESCRIPCION) VALUES(4, 'EmailSCMetales', 'vladimir.rodriguez@ferromex.mx', '4', 'vladimir.rodriguez@ferromex.mx', 1,CURRENT_DATE, NULL);
INSERT INTO TC_PARAMETRO (ID_PARAMETRO, NOMBRE, VALOR, CODE, MAIL, STATUS, FECHA_CREACION, DESCRIPCION) VALUES(5, 'EmailSCAgricola', 'victor.lopez@ferromex.mx', '5', 'victor.lopez@ferromex.mx', 1, CURRENT_DATE, NULL);
INSERT INTO TC_PARAMETRO (ID_PARAMETRO, NOMBRE, VALOR, CODE, MAIL, STATUS, FECHA_CREACION, DESCRIPCION) VALUES(6, 'EmailSCQuimico', 'boris.villasenorg@ferromex.mx', '6', 'boris.villasenorg@ferromex.mx', 1, CURRENT_DATE, NULL);
INSERT INTO TC_PARAMETRO (ID_PARAMETRO, NOMBRE, VALOR, CODE, MAIL, STATUS, FECHA_CREACION, DESCRIPCION) VALUES(7, 'EmailCE', 'lalfonso@netasystems.mx', 'EmailCE', 'lalfonso@netasystems.mx', 1, CURRENT_DATE, NULL);
INSERT INTO TC_PARAMETRO (ID_PARAMETRO, NOMBRE, VALOR, CODE, MAIL, STATUS, FECHA_CREACION, DESCRIPCION) VALUES(25, 'URL_SEND_MAIL', 'https://esbmdev.ferromex.mx/email-api-proxy/send', 'URL_SEND_MAIL', NULL, 1, CURRENT_DATE, 'Url apide ferromex para envio de mails');
INSERT INTO TC_PARAMETRO (ID_PARAMETRO, NOMBRE, VALOR, CODE, MAIL, STATUS, FECHA_CREACION, DESCRIPCION) VALUES(26, 'WHATSAPP_VERIFICACION_TOKEN', 'FerroConnectMeta', 'WHATSAPP_VERIFICACION_TOKEN', NULL, 1, CURRENT_DATE, 'Verificacion token whatsapp');
INSERT INTO TC_PARAMETRO (ID_PARAMETRO, NOMBRE, VALOR, CODE, MAIL, STATUS, FECHA_CREACION, DESCRIPCION) VALUES(27, 'WHATSAPP_URL', 'https://graph.facebook.com/', 'WHATSAPP_URL', NULL, 1, CURRENT_DATE, 'Url whatsapp');
INSERT INTO TC_PARAMETRO (ID_PARAMETRO, NOMBRE, VALOR, CODE, MAIL, STATUS, FECHA_CREACION, DESCRIPCION) VALUES(28, 'WHATSAPP_VERSION', 'v18.0', 'WHATSAPP_VERSION', NULL, 1, CURRENT_DATE, 'Version de whasapp');
INSERT INTO TC_PARAMETRO (ID_PARAMETRO, NOMBRE, VALOR, CODE, MAIL, STATUS, FECHA_CREACION, DESCRIPCION) VALUES(31, 'BUCKET FERROMEX', 'bucketferromex', 'BUCKET_FERROMEX', NULL, 1, CURRENT_DATE, 'Nombre del bucket ferromex');
INSERT INTO TC_PARAMETRO (ID_PARAMETRO, NOMBRE, VALOR, CODE, MAIL, STATUS, FECHA_CREACION, DESCRIPCION) VALUES(18, 'INTENT_FINALIZED_NOT_FLOW', 'ContinuarNoFlow', 'INTENT_FINALIZED_NOT_FLOW', NULL, 1, CURRENT_DATE, 'Parametro finalizarsin flujo');
INSERT INTO TC_PARAMETRO (ID_PARAMETRO, NOMBRE, VALOR, CODE, MAIL, STATUS, FECHA_CREACION, DESCRIPCION) VALUES(19, 'INTENT_FINALIZED_NOT_FLOW_SCORE', 'ContinuarNoFlowRedirectEncuesta', 'INTENT_FINALIZED_NOT_FLOW_SCORE', NULL, 1, CURRENT_DATE, 'Parametro finalizar redireccionando a encuesta');
INSERT INTO TC_PARAMETRO (ID_PARAMETRO, NOMBRE, VALOR, CODE, MAIL, STATUS, FECHA_CREACION, DESCRIPCION) VALUES(20, 'ESTATUS_ABIERTO', 'Abierto', 'ESTATUS_ABIERTO', NULL, 1, CURRENT_DATE, 'Estatus abierto');
INSERT INTO TC_PARAMETRO (ID_PARAMETRO, NOMBRE, VALOR, CODE, MAIL, STATUS, FECHA_CREACION, DESCRIPCION) VALUES(21, 'ESTATUS_CERRADO', 'Cerrado', 'ESTATUS_CERRADO', NULL, 1, CURRENT_DATE, 'Estatus cerrado');
INSERT INTO TC_PARAMETRO (ID_PARAMETRO, NOMBRE, VALOR, CODE, MAIL, STATUS, FECHA_CREACION, DESCRIPCION) VALUES(22, 'ESTATUS_EXPIRADO', 'Expirado', 'ESTATUS_EXPIRADO', NULL, 1, CURRENT_DATE, 'Estatus expirado');
INSERT INTO TC_PARAMETRO (ID_PARAMETRO, NOMBRE, VALOR, CODE, MAIL, STATUS, FECHA_CREACION, DESCRIPCION) VALUES(23, 'INTENT_TRANSICION', 'Transicion', 'INTENT_TRANSICION', NULL, 1, CURRENT_DATE, 'Intent transicion');
INSERT INTO TC_PARAMETRO (ID_PARAMETRO, NOMBRE, VALOR, CODE, MAIL, STATUS, FECHA_CREACION, DESCRIPCION) VALUES(32, 'ACTIVE PLANTILLAS', 'false', 'ACTIVE_PLANTILLAS', NULL, 1, CURRENT_DATE, 'Indica si se activan las plantillas');
INSERT INTO TC_PARAMETRO (ID_PARAMETRO, NOMBRE, VALOR, CODE, MAIL, STATUS, FECHA_CREACION, DESCRIPCION) VALUES(33, 'TIMEOUT CONVERSACION DIALOG FLOW', '60', 'DGF_TIMEOUT_CONVERSATION', NULL, 1, CURRENT_DATE, 'Tiempo para determinar timeout de una conversacion');
INSERT INTO TC_PARAMETRO (ID_PARAMETRO, NOMBRE, VALOR, CODE, MAIL, STATUS, FECHA_CREACION, DESCRIPCION) VALUES(34, 'PROJECT ID IN DIALOG FLOW', 'netasystems', 'DGF_PROJECT_ID_CONVERSATION', NULL, 1, CURRENT_DATE, 'Id del proyecto dialog flow');
INSERT INTO TC_PARAMETRO (ID_PARAMETRO, NOMBRE, VALOR, CODE, MAIL, STATUS, FECHA_CREACION, DESCRIPCION) VALUES(35, 'LOCALTION ID IN DIALOG FLOW', 'us-central1', 'DGF_LOCATION_ID', NULL, 1, CURRENT_DATE, 'Locacion del proyecto dialog flow');
INSERT INTO TC_PARAMETRO (ID_PARAMETRO, NOMBRE, VALOR, CODE, MAIL, STATUS, FECHA_CREACION, DESCRIPCION) VALUES(36, 'AGENTE IN DIALOG FLOW', '00e1a037-b7af-45d6-9f50-77cdcc597ced', 'DGF_AGENTE_ID', NULL, 1, CURRENT_DATE, 'Agente id  del proyecto dialog flow');
INSERT INTO TC_PARAMETRO (ID_PARAMETRO, NOMBRE, VALOR, CODE, MAIL, STATUS, FECHA_CREACION, DESCRIPCION) VALUES(37, 'LANGUAJE CODE DIALOG FLOW', 'es', 'DGF_LANGUAJE_CODE', NULL, 1, CURRENT_DATE, 'Codigo del lenguaje');
INSERT INTO TC_PARAMETRO (ID_PARAMETRO, NOMBRE, VALOR, CODE, MAIL, STATUS, FECHA_CREACION, DESCRIPCION) VALUES(38, 'JSON CREDENCIALES DIALOG FLOW', 'netasystems-6032b9fd8516.json', 'DGF_JSON_CREDENTIAL', NULL, 1, CURRENT_DATE, 'Nombre del archivo json con las credenciales dialog flow');
INSERT INTO TC_PARAMETRO (ID_PARAMETRO, NOMBRE, VALOR, CODE, MAIL, STATUS, FECHA_CREACION, DESCRIPCION) VALUES(39, 'ENVIRONMENT', 'd59a11ff-4840-4d68-8b66-e9ab53ec22f8', 'DGF_ENVIRONMENT', NULL, 1, CURRENT_DATE, 'Environment');
INSERT INTO TC_PARAMETRO (ID_PARAMETRO, NOMBRE, VALOR, CODE, MAIL, STATUS, FECHA_CREACION, DESCRIPCION) VALUES(24, 'INTENT_LANGUAGE_CHANGE', 'CambioIdioma', 'INTENT_LANGUAGE_CHANGE', NULL, 1, CURRENT_DATE, 'Indica cambio de idioma');
INSERT INTO TC_PARAMETRO (ID_PARAMETRO, NOMBRE, VALOR, CODE, MAIL, STATUS, FECHA_CREACION, DESCRIPCION) VALUES(8, 'PAR_COMENTARIOS', 'parcomentarios', 'PAR_COMENTARIOS', NULL, 1, CURRENT_DATE, 'Parametro para identificar si se envia comentarios');
INSERT INTO TC_PARAMETRO (ID_PARAMETRO, NOMBRE, VALOR, CODE, MAIL, STATUS, FECHA_CREACION, DESCRIPCION) VALUES(9, 'PAR_COMENTARIOS_1', 'parComentarios', 'PAR_COMENTARIOS_1', NULL, 1, CURRENT_DATE, 'Parametro para identificar si se envia y recuperar comentarios');
INSERT INTO TC_PARAMETRO (ID_PARAMETRO, NOMBRE, VALOR, CODE, MAIL, STATUS, FECHA_CREACION, DESCRIPCION) VALUES(10, 'PAR_CALIFICACION', 'parCalificacion', 'PAR_CALIFICACION', NULL, 1, CURRENT_DATE, 'Parametro para recuperar calificacion de encuesta');
INSERT INTO TC_PARAMETRO (ID_PARAMETRO, NOMBRE, VALOR, CODE, MAIL, STATUS, FECHA_CREACION, DESCRIPCION) VALUES(11, 'PAR_CALIFICACION_1', 'parcalificacion', 'PAR_CALIFICACION_1', NULL, 1, CURRENT_DATE, 'Parametro para recuperar calificacion de encuesta');
INSERT INTO TC_PARAMETRO (ID_PARAMETRO, NOMBRE, VALOR, CODE, MAIL, STATUS, FECHA_CREACION, DESCRIPCION) VALUES(12, 'PAR_OMITIRGUARDAR', 'parreplacepass', 'PAR_OMITIRGUARDAR', NULL, 1, CURRENT_DATE, 'Parametro para validar si se reemplaza el password');
INSERT INTO TC_PARAMETRO (ID_PARAMETRO, NOMBRE, VALOR, CODE, MAIL, STATUS, FECHA_CREACION, DESCRIPCION) VALUES(13, 'PAR_CONTRASENIA', 'contrasenia', 'PAR_CONTRASENIA', NULL, 1, CURRENT_DATE, 'Parametro para recuperar el password');
INSERT INTO TC_PARAMETRO (ID_PARAMETRO, NOMBRE, VALOR, CODE, MAIL, STATUS, FECHA_CREACION, DESCRIPCION) VALUES(14, 'PAR_ESCALAR_SC', 'parescalarsc', 'PAR_ESCALAR_SC', NULL, 1, CURRENT_DATE, 'Parametro para recuperar mail servicio a clientes');
INSERT INTO TC_PARAMETRO (ID_PARAMETRO, NOMBRE, VALOR, CODE, MAIL, STATUS, FECHA_CREACION, DESCRIPCION) VALUES(15, 'PAR_ESCALAR_CE', 'parescalarce', 'PAR_ESCALAR_CE', NULL, 1, CURRENT_DATE, 'Parametro para recuperar mail de  servicio electronico');
INSERT INTO TC_PARAMETRO (ID_PARAMETRO, NOMBRE, VALOR, CODE, MAIL, STATUS, FECHA_CREACION, DESCRIPCION) VALUES(16, 'PAR_ESCALAR', 'escalar', 'PAR_ESCALAR', NULL, 1, CURRENT_DATE, 'Parametro indica escalar conversacion Servicio electronico');
INSERT INTO TC_PARAMETRO (ID_PARAMETRO, NOMBRE, VALOR, CODE, MAIL, STATUS, FECHA_CREACION, DESCRIPCION) VALUES(17, 'PAR_SEGMENTO', 'parsegmento', 'PAR_SEGMENTO', NULL, 1, CURRENT_DATE, 'Parametro indica que se manda mail Servicio al cliente');
INSERT INTO TC_PARAMETRO (ID_PARAMETRO, NOMBRE, VALOR, CODE, MAIL, STATUS, FECHA_CREACION, DESCRIPCION) VALUES(29, 'WHATSAPP_ID_PHONE', '125612313965345', 'WHATSAPP_ID_PHONE', NULL, 1, CURRENT_DATE, 'ID pphone de whasapp');
INSERT INTO TC_PARAMETRO (ID_PARAMETRO, NOMBRE, VALOR, CODE, MAIL, STATUS, FECHA_CREACION, DESCRIPCION) VALUES(30, 'ACCESS TOKEN', 'EAAMXrMIPCk8BO3wsyekWJptVuzwT6nZAaRUfaYphvTNqe1tsv0nW7ZAYblJhI09IkY4bZB18SlXHiBOhPU2TiFq8dpOL3xlZCLFLEdZCLQQ79UcYccNu3WnV5iW7xZAqXcR91QA0G1ovX8apivTXUi2PtUyDx81zbGY41ZATm6f8ZAP3M4p32ZAvxztzWKMF2ZBgrNQU8MWUJGyr7rvrk7CDBZAZAnYax5S8rnrcD6JNbzLKyuHy15rmKupd', 'ACCESS_TOKEN', NULL, 1, CURRENT_DATE, 'Access token whasapp');

INSERT INTO TC_CATEGORIA (CATEGORIA_ID, CATEGORIA_NOMBRE, CATEGORIA_FECHA_CREACION) VALUES(1, 'Localización de carros', CURRENT_DATE);
INSERT INTO TC_CATEGORIA (CATEGORIA_ID, CATEGORIA_NOMBRE, CATEGORIA_FECHA_CREACION) VALUES(2, 'Consulta de pedidos', CURRENT_DATE);
INSERT INTO TC_CATEGORIA (CATEGORIA_ID, CATEGORIA_NOMBRE, CATEGORIA_FECHA_CREACION) VALUES(3, 'Servicios Diversos', CURRENT_DATE);
INSERT INTO TC_CATEGORIA (CATEGORIA_ID, CATEGORIA_NOMBRE, CATEGORIA_FECHA_CREACION) VALUES(4, 'Problemas al documentar', CURRENT_DATE);
INSERT INTO TC_CATEGORIA (CATEGORIA_ID, CATEGORIA_NOMBRE, CATEGORIA_FECHA_CREACION) VALUES(5, 'Dudas de documentación', CURRENT_DATE);
INSERT INTO TC_CATEGORIA (CATEGORIA_ID, CATEGORIA_NOMBRE, CATEGORIA_FECHA_CREACION) VALUES(7, 'Dudas de PRG', CURRENT_DATE);
INSERT INTO TC_CATEGORIA (CATEGORIA_ID, CATEGORIA_NOMBRE, CATEGORIA_FECHA_CREACION) VALUES(8, 'Acceso a eBOL', CURRENT_DATE);
INSERT INTO TC_CATEGORIA (CATEGORIA_ID, CATEGORIA_NOMBRE, CATEGORIA_FECHA_CREACION) VALUES(9, 'Dudas de pedido', CURRENT_DATE);
INSERT INTO TC_CATEGORIA (CATEGORIA_ID, CATEGORIA_NOMBRE, CATEGORIA_FECHA_CREACION) VALUES(10, 'Liberación de equipo', CURRENT_DATE);
INSERT INTO TC_CATEGORIA (CATEGORIA_ID, CATEGORIA_NOMBRE, CATEGORIA_FECHA_CREACION) VALUES(11, 'Accesos a RVP', CURRENT_DATE);
INSERT INTO TC_CATEGORIA (CATEGORIA_ID, CATEGORIA_NOMBRE, CATEGORIA_FECHA_CREACION) VALUES(12, 'Uso de RVP', CURRENT_DATE);
INSERT INTO TC_CATEGORIA (CATEGORIA_ID, CATEGORIA_NOMBRE, CATEGORIA_FECHA_CREACION) VALUES(13, 'General', CURRENT_DATE);
INSERT INTO TC_CATEGORIA (CATEGORIA_ID, CATEGORIA_NOMBRE, CATEGORIA_FECHA_CREACION) VALUES(14, 'Navegacion', CURRENT_DATE);
INSERT INTO TC_CATEGORIA (CATEGORIA_ID, CATEGORIA_NOMBRE, CATEGORIA_FECHA_CREACION) VALUES(15, 'Situado de unidad', CURRENT_DATE);

-- TC_INTENT
INSERT INTO TC_INTENT (INTENT_ID, CATEGORIA_ID, INTENT_FECHA_CREACION, INTENT_NOMBRE) VALUES(1, 13, CURRENT_DATE, 'Default Welcome Intent');
INSERT INTO TC_INTENT (INTENT_ID, CATEGORIA_ID, INTENT_FECHA_CREACION, INTENT_NOMBRE) VALUES(2, 2, CURRENT_DATE, 'PatronFlow');
INSERT INTO TC_INTENT (INTENT_ID, CATEGORIA_ID, INTENT_FECHA_CREACION, INTENT_NOMBRE) VALUES(3, 1, CURRENT_DATE, 'QueEsUnPatronDeVacioGral');
INSERT INTO TC_INTENT (INTENT_ID, CATEGORIA_ID, INTENT_FECHA_CREACION, INTENT_NOMBRE) VALUES(4, 2, CURRENT_DATE, 'NoEncuentroMiPatronRVPGral');
INSERT INTO TC_INTENT (INTENT_ID, CATEGORIA_ID, INTENT_FECHA_CREACION, INTENT_NOMBRE) VALUES(5, 9, CURRENT_DATE, 'SolicitarCarroVacioGral');
INSERT INTO TC_INTENT (INTENT_ID, CATEGORIA_ID, INTENT_FECHA_CREACION, INTENT_NOMBRE) VALUES(6, 1, CURRENT_DATE, 'SeguimientoPedidoGral');
INSERT INTO TC_INTENT (INTENT_ID, CATEGORIA_ID, INTENT_FECHA_CREACION, INTENT_NOMBRE) VALUES(7, 5, CURRENT_DATE, 'DocumentarFlow');
INSERT INTO TC_INTENT (INTENT_ID, CATEGORIA_ID, INTENT_FECHA_CREACION, INTENT_NOMBRE) VALUES(8, 5, CURRENT_DATE, 'DocumentarCarroGral');
INSERT INTO TC_INTENT (INTENT_ID, CATEGORIA_ID, INTENT_FECHA_CREACION, INTENT_NOMBRE) VALUES(9, 5, CURRENT_DATE, 'DocumentarContenedorGral');
INSERT INTO TC_INTENT (INTENT_ID, CATEGORIA_ID, INTENT_FECHA_CREACION, INTENT_NOMBRE) VALUES(10, 4, CURRENT_DATE, 'ErrorAlDocumentarFlow');
INSERT INTO TC_INTENT (INTENT_ID, CATEGORIA_ID, INTENT_FECHA_CREACION, INTENT_NOMBRE) VALUES(11, 1, CURRENT_DATE, 'LocalizacionCarrosGral');
INSERT INTO TC_INTENT (INTENT_ID, CATEGORIA_ID, INTENT_FECHA_CREACION, INTENT_NOMBRE) VALUES(12, 4, CURRENT_DATE, 'FaltaPatronParaDocumentarStart');
INSERT INTO TC_INTENT (INTENT_ID, CATEGORIA_ID, INTENT_FECHA_CREACION, INTENT_NOMBRE) VALUES(13, 7, CURRENT_DATE, 'QueEsUnPatronDeEmbarqueStart');
INSERT INTO TC_INTENT (INTENT_ID, CATEGORIA_ID, INTENT_FECHA_CREACION, INTENT_NOMBRE) VALUES(14, 7, CURRENT_DATE, 'NuevoPatronDeEmbarqueStart');
INSERT INTO TC_INTENT (INTENT_ID, CATEGORIA_ID, INTENT_FECHA_CREACION, INTENT_NOMBRE) VALUES(15, 7, CURRENT_DATE, 'NuevoPatronEquipoVacioStart');
INSERT INTO TC_INTENT (INTENT_ID, CATEGORIA_ID, INTENT_FECHA_CREACION, INTENT_NOMBRE) VALUES(16, 7, CURRENT_DATE, 'SolicitarNuevoPatronFlow');
INSERT INTO TC_INTENT (INTENT_ID, CATEGORIA_ID, INTENT_FECHA_CREACION, INTENT_NOMBRE) VALUES(17, 5, CURRENT_DATE, 'RequisitosParaDocumentarEbolStart');
INSERT INTO TC_INTENT (INTENT_ID, CATEGORIA_ID, INTENT_FECHA_CREACION, INTENT_NOMBRE) VALUES(18, 5, CURRENT_DATE, 'ConsultarDocumentacionesStart');
INSERT INTO TC_INTENT (INTENT_ID, CATEGORIA_ID, INTENT_FECHA_CREACION, INTENT_NOMBRE) VALUES(19, 5, CURRENT_DATE, 'ImportarExcelEbolStart');
INSERT INTO TC_INTENT (INTENT_ID, CATEGORIA_ID, INTENT_FECHA_CREACION, INTENT_NOMBRE) VALUES(20, 5, CURRENT_DATE, 'NumeroBolStart');
INSERT INTO TC_INTENT (INTENT_ID, CATEGORIA_ID, INTENT_FECHA_CREACION, INTENT_NOMBRE) VALUES(21, 5, CURRENT_DATE, 'DefinidoMutuamenteStart');
INSERT INTO TC_INTENT (INTENT_ID, CATEGORIA_ID, INTENT_FECHA_CREACION, INTENT_NOMBRE) VALUES(22, 5, CURRENT_DATE, 'ComplementoCartaPorteStart');
INSERT INTO TC_INTENT (INTENT_ID, CATEGORIA_ID, INTENT_FECHA_CREACION, INTENT_NOMBRE) VALUES(23, 5, CURRENT_DATE, 'InformacionAgentesAduanalesStart');
INSERT INTO TC_INTENT (INTENT_ID, CATEGORIA_ID, INTENT_FECHA_CREACION, INTENT_NOMBRE) VALUES(24, 4, CURRENT_DATE, 'ValidacionNoExitosaEbolStart');
INSERT INTO TC_INTENT (INTENT_ID, CATEGORIA_ID, INTENT_FECHA_CREACION, INTENT_NOMBRE) VALUES(25, 4, CURRENT_DATE, 'NoMeDaNumeroDeGuiaEbolStart');
INSERT INTO TC_INTENT (INTENT_ID, CATEGORIA_ID, INTENT_FECHA_CREACION, INTENT_NOMBRE) VALUES(26, 8, CURRENT_DATE, 'NuevoUsuarioEbolStart');
INSERT INTO TC_INTENT (INTENT_ID, CATEGORIA_ID, INTENT_FECHA_CREACION, INTENT_NOMBRE) VALUES(27, 8, CURRENT_DATE, 'ActivarCredencialesEbolStart');
INSERT INTO TC_INTENT (INTENT_ID, CATEGORIA_ID, INTENT_FECHA_CREACION, INTENT_NOMBRE) VALUES(28, 9, CURRENT_DATE, 'CancelarModificarPedidoStart');
INSERT INTO TC_INTENT (INTENT_ID, CATEGORIA_ID, INTENT_FECHA_CREACION, INTENT_NOMBRE) VALUES(29, 10, CURRENT_DATE, 'LiberarCarroVacioStart');
INSERT INTO TC_INTENT (INTENT_ID, CATEGORIA_ID, INTENT_FECHA_CREACION, INTENT_NOMBRE) VALUES(30, 10, CURRENT_DATE, 'LiberarYRecargarStart');
INSERT INTO TC_INTENT (INTENT_ID, CATEGORIA_ID, INTENT_FECHA_CREACION, INTENT_NOMBRE) VALUES(31, 10, CURRENT_DATE, 'LiberarContenedorStart');
INSERT INTO TC_INTENT (INTENT_ID, CATEGORIA_ID, INTENT_FECHA_CREACION, INTENT_NOMBRE) VALUES(32, 10, CURRENT_DATE, 'ConfirmarLiberacionDeUnidadesStart');
INSERT INTO TC_INTENT (INTENT_ID, CATEGORIA_ID, INTENT_FECHA_CREACION, INTENT_NOMBRE) VALUES(33, 10, CURRENT_DATE, 'RecogerCarrosVaciosStart');
INSERT INTO TC_INTENT (INTENT_ID, CATEGORIA_ID, INTENT_FECHA_CREACION, INTENT_NOMBRE) VALUES(34, 10, CURRENT_DATE, 'ProblemasParaLiberarStart');
INSERT INTO TC_INTENT (INTENT_ID, CATEGORIA_ID, INTENT_FECHA_CREACION, INTENT_NOMBRE) VALUES(35, 11, CURRENT_DATE, 'NuevoUsuarioRVPStart');
INSERT INTO TC_INTENT (INTENT_ID, CATEGORIA_ID, INTENT_FECHA_CREACION, INTENT_NOMBRE) VALUES(36, 11, CURRENT_DATE, 'pActivarCredencialesRVPStart');
INSERT INTO TC_INTENT (INTENT_ID, CATEGORIA_ID, INTENT_FECHA_CREACION, INTENT_NOMBRE) VALUES(37, 11, CURRENT_DATE, 'OlvideMiContraseñaRVPStart');
INSERT INTO TC_INTENT (INTENT_ID, CATEGORIA_ID, INTENT_FECHA_CREACION, INTENT_NOMBRE) VALUES(38, 11, CURRENT_DATE, 'SIPreguntaSeguridadRVPfOlvideContraseñaRVP');
INSERT INTO TC_INTENT (INTENT_ID, CATEGORIA_ID, INTENT_FECHA_CREACION, INTENT_NOMBRE) VALUES(39, 11, CURRENT_DATE, 'NOPreguntaSeguridadRVPfOlvideContraseñaRVP');
INSERT INTO TC_INTENT (INTENT_ID, CATEGORIA_ID, INTENT_FECHA_CREACION, INTENT_NOMBRE) VALUES(40, 12, CURRENT_DATE, 'ExportarInfoInventarioRVPStart');
INSERT INTO TC_INTENT (INTENT_ID, CATEGORIA_ID, INTENT_FECHA_CREACION, INTENT_NOMBRE) VALUES(41, 12, CURRENT_DATE, 'ConsultarGuiasRVPStart');
INSERT INTO TC_INTENT (INTENT_ID, CATEGORIA_ID, INTENT_FECHA_CREACION, INTENT_NOMBRE) VALUES(42, 12, CURRENT_DATE, 'HistoriaDeViajeRVPStart');
INSERT INTO TC_INTENT (INTENT_ID, CATEGORIA_ID, INTENT_FECHA_CREACION, INTENT_NOMBRE) VALUES(43, 12, CURRENT_DATE, 'InventarioVistasGuardadasRVPStart');
INSERT INTO TC_INTENT (INTENT_ID, CATEGORIA_ID, INTENT_FECHA_CREACION, INTENT_NOMBRE) VALUES(44, 12, CURRENT_DATE, 'GlosarioMovimientosCarroRVPStart');
INSERT INTO TC_INTENT (INTENT_ID, CATEGORIA_ID, INTENT_FECHA_CREACION, INTENT_NOMBRE) VALUES(45, 12, CURRENT_DATE, 'TableroRVPStart');
INSERT INTO TC_INTENT (INTENT_ID, CATEGORIA_ID, INTENT_FECHA_CREACION, INTENT_NOMBRE) VALUES(46, 8, CURRENT_DATE, 'OlvideMiContraseñaStart');
INSERT INTO TC_INTENT (INTENT_ID, CATEGORIA_ID, INTENT_FECHA_CREACION, INTENT_NOMBRE) VALUES(47, 11, CURRENT_DATE, 'AccesoRVPStart');
INSERT INTO TC_INTENT (INTENT_ID, CATEGORIA_ID, INTENT_FECHA_CREACION, INTENT_NOMBRE) VALUES(48, 7, CURRENT_DATE, 'QueEsUnPatronPRGfPatronEbol');
INSERT INTO TC_INTENT (INTENT_ID, CATEGORIA_ID, INTENT_FECHA_CREACION, INTENT_NOMBRE) VALUES(49, 7, CURRENT_DATE, 'SolicitarNuevoPatronfPatronEbol');
INSERT INTO TC_INTENT (INTENT_ID, CATEGORIA_ID, INTENT_FECHA_CREACION, INTENT_NOMBRE) VALUES(50, 4, CURRENT_DATE, 'FaltaPatronParaDocumentarfPatronEbol');
INSERT INTO TC_INTENT (INTENT_ID, CATEGORIA_ID, INTENT_FECHA_CREACION, INTENT_NOMBRE) VALUES(51, 8, CURRENT_DATE, 'NuevoUsuarioEbolfNuevoUsuario');
INSERT INTO TC_INTENT (INTENT_ID, CATEGORIA_ID, INTENT_FECHA_CREACION, INTENT_NOMBRE) VALUES(52, 11, CURRENT_DATE, 'NuevoUsuarioRVPfNuevoUsuario');
INSERT INTO TC_INTENT (INTENT_ID, CATEGORIA_ID, INTENT_FECHA_CREACION, INTENT_NOMBRE) VALUES(53, 8, CURRENT_DATE, 'ActivarCredencialesStart');
INSERT INTO TC_INTENT (INTENT_ID, CATEGORIA_ID, INTENT_FECHA_CREACION, INTENT_NOMBRE) VALUES(54, 8, CURRENT_DATE, 'ActivarCredencialesEbolfActivarCredenciales');
INSERT INTO TC_INTENT (INTENT_ID, CATEGORIA_ID, INTENT_FECHA_CREACION, INTENT_NOMBRE) VALUES(55, 11, CURRENT_DATE, 'ActivarCredencialesRVPfActivarCredenciales');
INSERT INTO TC_INTENT (INTENT_ID, CATEGORIA_ID, INTENT_FECHA_CREACION, INTENT_NOMBRE) VALUES(56, 5, CURRENT_DATE, 'DudasGeneralesStart');
INSERT INTO TC_INTENT (INTENT_ID, CATEGORIA_ID, INTENT_FECHA_CREACION, INTENT_NOMBRE) VALUES(57, 11, CURRENT_DATE, 'AccesoRVPfDudasGenerales');
INSERT INTO TC_INTENT (INTENT_ID, CATEGORIA_ID, INTENT_FECHA_CREACION, INTENT_NOMBRE) VALUES(58, 5, CURRENT_DATE, 'TemasDocumentacionfDudasGenerales');
INSERT INTO TC_INTENT (INTENT_ID, CATEGORIA_ID, INTENT_FECHA_CREACION, INTENT_NOMBRE) VALUES(59, 5, CURRENT_DATE, 'ComoDocumentarfTemasDocumentacion');
INSERT INTO TC_INTENT (INTENT_ID, CATEGORIA_ID, INTENT_FECHA_CREACION, INTENT_NOMBRE) VALUES(60, 4, CURRENT_DATE, 'ValidacionNoExitosafErrorAlDocumentar');
INSERT INTO TC_INTENT (INTENT_ID, CATEGORIA_ID, INTENT_FECHA_CREACION, INTENT_NOMBRE) VALUES(61, 4, CURRENT_DATE, 'NoMeDaNumeroGuiafErrorAlDocumentar');
INSERT INTO TC_INTENT (INTENT_ID, CATEGORIA_ID, INTENT_FECHA_CREACION, INTENT_NOMBRE) VALUES(62, 4, CURRENT_DATE, 'ErroresAlDocumentarfTemasDocumentacion');
INSERT INTO TC_INTENT (INTENT_ID, CATEGORIA_ID, INTENT_FECHA_CREACION, INTENT_NOMBRE) VALUES(63, 5, CURRENT_DATE, 'ConsultarDocumentacionesfTemasDocumentacion');
INSERT INTO TC_INTENT (INTENT_ID, CATEGORIA_ID, INTENT_FECHA_CREACION, INTENT_NOMBRE) VALUES(64, 8, CURRENT_DATE, 'AccesoEbolStart');
INSERT INTO TC_INTENT (INTENT_ID, CATEGORIA_ID, INTENT_FECHA_CREACION, INTENT_NOMBRE) VALUES(65, 8, CURRENT_DATE, 'NuevoUsuariofAccesoEbol');
INSERT INTO TC_INTENT (INTENT_ID, CATEGORIA_ID, INTENT_FECHA_CREACION, INTENT_NOMBRE) VALUES(66, 8, CURRENT_DATE, 'ActivarCredencialesfAccesoEbol');
INSERT INTO TC_INTENT (INTENT_ID, CATEGORIA_ID, INTENT_FECHA_CREACION, INTENT_NOMBRE) VALUES(67, 5, CURRENT_DATE, 'AccesoEbolfTemasDocumentacion');
INSERT INTO TC_INTENT (INTENT_ID, CATEGORIA_ID, INTENT_FECHA_CREACION, INTENT_NOMBRE) VALUES(68, 9, CURRENT_DATE, 'SolicitudesPedidosSeguimientosfDudasGenerales');
INSERT INTO TC_INTENT (INTENT_ID, CATEGORIA_ID, INTENT_FECHA_CREACION, INTENT_NOMBRE) VALUES(69, 7, CURRENT_DATE, 'PatronDeEquipoVaciofSolicitudesySeguimiento');
INSERT INTO TC_INTENT (INTENT_ID, CATEGORIA_ID, INTENT_FECHA_CREACION, INTENT_NOMBRE) VALUES(70, 10, CURRENT_DATE, 'LiberacionEquipoStart');
INSERT INTO TC_INTENT (INTENT_ID, CATEGORIA_ID, INTENT_FECHA_CREACION, INTENT_NOMBRE) VALUES(71, 10, CURRENT_DATE, 'LiberarUnidadRVPfLiberarEquipoRVP');
INSERT INTO TC_INTENT (INTENT_ID, CATEGORIA_ID, INTENT_FECHA_CREACION, INTENT_NOMBRE) VALUES(72, 10, CURRENT_DATE, 'LiberarCarrofLiberarEquipoRVP');
INSERT INTO TC_INTENT (INTENT_ID, CATEGORIA_ID, INTENT_FECHA_CREACION, INTENT_NOMBRE) VALUES(73, 10, CURRENT_DATE, 'LiberacionEquipofSolicitudesySeguimiento');
INSERT INTO TC_INTENT (INTENT_ID, CATEGORIA_ID, INTENT_FECHA_CREACION, INTENT_NOMBRE) VALUES(74, 10, CURRENT_DATE, 'ConfirmarLiberarUnidadfLiberacionEquipoRVP');
INSERT INTO TC_INTENT (INTENT_ID, CATEGORIA_ID, INTENT_FECHA_CREACION, INTENT_NOMBRE) VALUES(75, 10, CURRENT_DATE, 'RecogerCarrosVaciosfLiberacionEquipoRVP');
INSERT INTO TC_INTENT (INTENT_ID, CATEGORIA_ID, INTENT_FECHA_CREACION, INTENT_NOMBRE) VALUES(76, 10, CURRENT_DATE, 'ProblemasParaLiberarfLiberacionEquipoRVP');
INSERT INTO TC_INTENT (INTENT_ID, CATEGORIA_ID, INTENT_FECHA_CREACION, INTENT_NOMBRE) VALUES(77, 11, CURRENT_DATE, 'RegistrarNuevoUsuariofAccesoRVP');
INSERT INTO TC_INTENT (INTENT_ID, CATEGORIA_ID, INTENT_FECHA_CREACION, INTENT_NOMBRE) VALUES(78, 11, CURRENT_DATE, 'OlvideMiContraseñafAccesoRVP');
INSERT INTO TC_INTENT (INTENT_ID, CATEGORIA_ID, INTENT_FECHA_CREACION, INTENT_NOMBRE) VALUES(79, 12, CURRENT_DATE, 'ConsultasRVPStart');
INSERT INTO TC_INTENT (INTENT_ID, CATEGORIA_ID, INTENT_FECHA_CREACION, INTENT_NOMBRE) VALUES(80, 12, CURRENT_DATE, 'ExportarInformacionfConsultasRVP');
INSERT INTO TC_INTENT (INTENT_ID, CATEGORIA_ID, INTENT_FECHA_CREACION, INTENT_NOMBRE) VALUES(81, 12, CURRENT_DATE, 'GuiafConsultasRVP');
INSERT INTO TC_INTENT (INTENT_ID, CATEGORIA_ID, INTENT_FECHA_CREACION, INTENT_NOMBRE) VALUES(82, 12, CURRENT_DATE, 'HistoriaDeViajefConsultasRVP');
INSERT INTO TC_INTENT (INTENT_ID, CATEGORIA_ID, INTENT_FECHA_CREACION, INTENT_NOMBRE) VALUES(83, 12, CURRENT_DATE, 'VistasGuardadasfConsultasRVP');
INSERT INTO TC_INTENT (INTENT_ID, CATEGORIA_ID, INTENT_FECHA_CREACION, INTENT_NOMBRE) VALUES(84, 12, CURRENT_DATE, 'GlosarioMovimientosDeCarrofConsultasRVP');
INSERT INTO TC_INTENT (INTENT_ID, CATEGORIA_ID, INTENT_FECHA_CREACION, INTENT_NOMBRE) VALUES(85, 12, CURRENT_DATE, 'TablerofConsultasRVP');
INSERT INTO TC_INTENT (INTENT_ID, CATEGORIA_ID, INTENT_FECHA_CREACION, INTENT_NOMBRE) VALUES(86, 9, CURRENT_DATE, 'ConsultasRVPfSolicitudesySeguimiento');
INSERT INTO TC_INTENT (INTENT_ID, CATEGORIA_ID, INTENT_FECHA_CREACION, INTENT_NOMBRE) VALUES(87, 1, CURRENT_DATE, 'LocalizarMultiplesUnidadesfLocalizarCarros');
INSERT INTO TC_INTENT (INTENT_ID, CATEGORIA_ID, INTENT_FECHA_CREACION, INTENT_NOMBRE) VALUES(88, 1, CURRENT_DATE, 'LocalizarUnidadfLocalizarCarros');
INSERT INTO TC_INTENT (INTENT_ID, CATEGORIA_ID, INTENT_FECHA_CREACION, INTENT_NOMBRE) VALUES(89, 3, CURRENT_DATE, 'ServiciosDiversosStart');
INSERT INTO TC_INTENT (INTENT_ID, CATEGORIA_ID, INTENT_FECHA_CREACION, INTENT_NOMBRE) VALUES(90, 3, CURRENT_DATE, 'ServiciosDel1-8fServiciosDiversos');
INSERT INTO TC_INTENT (INTENT_ID, CATEGORIA_ID, INTENT_FECHA_CREACION, INTENT_NOMBRE) VALUES(91, 14, CURRENT_DATE, 'Transicion');
INSERT INTO TC_INTENT (INTENT_ID, CATEGORIA_ID, INTENT_FECHA_CREACION, INTENT_NOMBRE) VALUES(101, 13, CURRENT_DATE, 'cartaporteborrar');
INSERT INTO TC_INTENT (INTENT_ID, CATEGORIA_ID, INTENT_FECHA_CREACION, INTENT_NOMBRE) VALUES(103, 13, CURRENT_DATE, 'verMasBorrar');
INSERT INTO TC_INTENT (INTENT_ID, CATEGORIA_ID, INTENT_FECHA_CREACION, INTENT_NOMBRE) VALUES(104, 5, CURRENT_DATE, 'AccesoRVPfDudasGeneralesRVP');
INSERT INTO TC_INTENT (INTENT_ID, CATEGORIA_ID, INTENT_FECHA_CREACION, INTENT_NOMBRE) VALUES(105, 5, CURRENT_DATE, 'AccesoRVPfSolicitudesySeguimiento');
INSERT INTO TC_INTENT (INTENT_ID, CATEGORIA_ID, INTENT_FECHA_CREACION, INTENT_NOMBRE) VALUES(106, 8, CURRENT_DATE, 'ActivarCredencialesfAccesoRVP');
INSERT INTO TC_INTENT (INTENT_ID, CATEGORIA_ID, INTENT_FECHA_CREACION, INTENT_NOMBRE) VALUES(107, 13, CURRENT_DATE, 'CamposACompletarEbolStart');
INSERT INTO TC_INTENT (INTENT_ID, CATEGORIA_ID, INTENT_FECHA_CREACION, INTENT_NOMBRE) VALUES(108, 5, CURRENT_DATE, 'CamposACompletarfDocumentar');
INSERT INTO TC_INTENT (INTENT_ID, CATEGORIA_ID, INTENT_FECHA_CREACION, INTENT_NOMBRE) VALUES(109, 13, CURRENT_DATE, 'CancelarModificarPedidofSolicitudEquipoVacio');
INSERT INTO TC_INTENT (INTENT_ID, CATEGORIA_ID, INTENT_FECHA_CREACION, INTENT_NOMBRE) VALUES(110, 10, CURRENT_DATE, 'ConfirmarLiberacionEquipofLiberarEquipoRVPMenu');
INSERT INTO TC_INTENT (INTENT_ID, CATEGORIA_ID, INTENT_FECHA_CREACION, INTENT_NOMBRE) VALUES(111, 5, CURRENT_DATE, 'ConsultasRVPfDudasGeneralesRVP');
INSERT INTO TC_INTENT (INTENT_ID, CATEGORIA_ID, INTENT_FECHA_CREACION, INTENT_NOMBRE) VALUES(112, 5, CURRENT_DATE, 'ConsultasRVPfSolicitudesySeguimiento');
INSERT INTO TC_INTENT (INTENT_ID, CATEGORIA_ID, INTENT_FECHA_CREACION, INTENT_NOMBRE) VALUES(113, 13, CURRENT_DATE, 'ContinuarNoFlow');
INSERT INTO TC_INTENT (INTENT_ID, CATEGORIA_ID, INTENT_FECHA_CREACION, INTENT_NOMBRE) VALUES(114, 13, CURRENT_DATE, 'ContinuarSIFlow');
INSERT INTO TC_INTENT (INTENT_ID, CATEGORIA_ID, INTENT_FECHA_CREACION, INTENT_NOMBRE) VALUES(115, 13, CURRENT_DATE, 'ContinuarSIGral');
INSERT INTO TC_INTENT (INTENT_ID, CATEGORIA_ID, INTENT_FECHA_CREACION, INTENT_NOMBRE) VALUES(116, 10, CURRENT_DATE, 'CuandoRecogenCarrosfLiberarEquipoRVPMenu');
INSERT INTO TC_INTENT (INTENT_ID, CATEGORIA_ID, INTENT_FECHA_CREACION, INTENT_NOMBRE) VALUES(117, 12, CURRENT_DATE, 'DefinidoMutuamentefCamposDocumentarRVP');
INSERT INTO TC_INTENT (INTENT_ID, CATEGORIA_ID, INTENT_FECHA_CREACION, INTENT_NOMBRE) VALUES(118, 5, CURRENT_DATE, 'DocumentarCarroFlow');
INSERT INTO TC_INTENT (INTENT_ID, CATEGORIA_ID, INTENT_FECHA_CREACION, INTENT_NOMBRE) VALUES(119, 5, CURRENT_DATE, 'DocumentarContenedorFlow');
INSERT INTO TC_INTENT (INTENT_ID, CATEGORIA_ID, INTENT_FECHA_CREACION, INTENT_NOMBRE) VALUES(120, 13, CURRENT_DATE, 'DosGenericoStart');
INSERT INTO TC_INTENT (INTENT_ID, CATEGORIA_ID, INTENT_FECHA_CREACION, INTENT_NOMBRE) VALUES(121, 9, CURRENT_DATE, 'DudasGeneralesfSolicitudesySeguimiento');
INSERT INTO TC_INTENT (INTENT_ID, CATEGORIA_ID, INTENT_FECHA_CREACION, INTENT_NOMBRE) VALUES(122, 12, CURRENT_DATE, 'ImportarDatosExcelfCamposDocumentarUnidadRVP');
INSERT INTO TC_INTENT (INTENT_ID, CATEGORIA_ID, INTENT_FECHA_CREACION, INTENT_NOMBRE) VALUES(123, 5, CURRENT_DATE, 'InformacionAgentesAduanalesfCamposDocumentarEbol');
INSERT INTO TC_INTENT (INTENT_ID, CATEGORIA_ID, INTENT_FECHA_CREACION, INTENT_NOMBRE) VALUES(124, 10, CURRENT_DATE, 'LiberacionEquipoRVPfSolicitudesYSeguimientos');
INSERT INTO TC_INTENT (INTENT_ID, CATEGORIA_ID, INTENT_FECHA_CREACION, INTENT_NOMBRE) VALUES(125, 10, CURRENT_DATE, 'LiberarCarroStart');
INSERT INTO TC_INTENT (INTENT_ID, CATEGORIA_ID, INTENT_FECHA_CREACION, INTENT_NOMBRE) VALUES(126, 10, CURRENT_DATE, 'LiberarCarroVaciofLiberarCarro');
INSERT INTO TC_INTENT (INTENT_ID, CATEGORIA_ID, INTENT_FECHA_CREACION, INTENT_NOMBRE) VALUES(127, 10, CURRENT_DATE, 'LiberarCarroVaciofLiberarEquipoRVP');
INSERT INTO TC_INTENT (INTENT_ID, CATEGORIA_ID, INTENT_FECHA_CREACION, INTENT_NOMBRE) VALUES(128, 10, CURRENT_DATE, 'LiberarEquipoRVPfLiberarEquipoRVPMenu');
INSERT INTO TC_INTENT (INTENT_ID, CATEGORIA_ID, INTENT_FECHA_CREACION, INTENT_NOMBRE) VALUES(129, 10, CURRENT_DATE, 'LiberarContenedorfLiberarEquipoRVP');
INSERT INTO TC_INTENT (INTENT_ID, CATEGORIA_ID, INTENT_FECHA_CREACION, INTENT_NOMBRE) VALUES(130, 12, CURRENT_DATE, 'CartaPortefCamposDocumentarRVP');
INSERT INTO TC_INTENT (INTENT_ID, CATEGORIA_ID, INTENT_FECHA_CREACION, INTENT_NOMBRE) VALUES(131, 10, CURRENT_DATE, 'LiberarYRecargarCarrofLiberarCarro');
INSERT INTO TC_INTENT (INTENT_ID, CATEGORIA_ID, INTENT_FECHA_CREACION, INTENT_NOMBRE) VALUES(132, 10, CURRENT_DATE, 'LiberarYRecargarCarrofLiberarEquipoRVP');
INSERT INTO TC_INTENT (INTENT_ID, CATEGORIA_ID, INTENT_FECHA_CREACION, INTENT_NOMBRE) VALUES(133, 10, CURRENT_DATE, 'LiberaryRecargarCarrofLiberarEquipoRVPMenu');
INSERT INTO TC_INTENT (INTENT_ID, CATEGORIA_ID, INTENT_FECHA_CREACION, INTENT_NOMBRE) VALUES(134, 1, CURRENT_DATE, 'LocalizarCarro3fLocalizarCarrosBorrar');
INSERT INTO TC_INTENT (INTENT_ID, CATEGORIA_ID, INTENT_FECHA_CREACION, INTENT_NOMBRE) VALUES(135, 1, CURRENT_DATE, 'LocalizarCarroStart');
INSERT INTO TC_INTENT (INTENT_ID, CATEGORIA_ID, INTENT_FECHA_CREACION, INTENT_NOMBRE) VALUES(136, 13, CURRENT_DATE, 'Menu');
INSERT INTO TC_INTENT (INTENT_ID, CATEGORIA_ID, INTENT_FECHA_CREACION, INTENT_NOMBRE) VALUES(137, 13, CURRENT_DATE, 'MuestraMenufDocumentar');
INSERT INTO TC_INTENT (INTENT_ID, CATEGORIA_ID, INTENT_FECHA_CREACION, INTENT_NOMBRE) VALUES(138, 13, CURRENT_DATE, 'NOFlow');
INSERT INTO TC_INTENT (INTENT_ID, CATEGORIA_ID, INTENT_FECHA_CREACION, INTENT_NOMBRE) VALUES(139, 13, CURRENT_DATE, 'NoEncuentroMiPatronFlow');
INSERT INTO TC_INTENT (INTENT_ID, CATEGORIA_ID, INTENT_FECHA_CREACION, INTENT_NOMBRE) VALUES(140, 13, CURRENT_DATE, 'NuevoPatronEbolfNuevoPatron');
INSERT INTO TC_INTENT (INTENT_ID, CATEGORIA_ID, INTENT_FECHA_CREACION, INTENT_NOMBRE) VALUES(141, 13, CURRENT_DATE, 'NumeroBOLfCamposDocumentarUnidadRVP');
INSERT INTO TC_INTENT (INTENT_ID, CATEGORIA_ID, INTENT_FECHA_CREACION, INTENT_NOMBRE) VALUES(142, 13, CURRENT_DATE, 'NuevoUsuarioStart');
INSERT INTO TC_INTENT (INTENT_ID, CATEGORIA_ID, INTENT_FECHA_CREACION, INTENT_NOMBRE) VALUES(143, 13, CURRENT_DATE, 'OlvideMiContraseñaEbol');
INSERT INTO TC_INTENT (INTENT_ID, CATEGORIA_ID, INTENT_FECHA_CREACION, INTENT_NOMBRE) VALUES(144, 13, CURRENT_DATE, 'OlvideMiContraseñaEbolfOlvideMiCotraseña');
INSERT INTO TC_INTENT (INTENT_ID, CATEGORIA_ID, INTENT_FECHA_CREACION, INTENT_NOMBRE) VALUES(145, 13, CURRENT_DATE, 'OlvideMiContraseñaRVPfOlvideMiCotraseña');
INSERT INTO TC_INTENT (INTENT_ID, CATEGORIA_ID, INTENT_FECHA_CREACION, INTENT_NOMBRE) VALUES(146, 13, CURRENT_DATE, 'OlvideMisCredencialesfAccesoEbol');
INSERT INTO TC_INTENT (INTENT_ID, CATEGORIA_ID, INTENT_FECHA_CREACION, INTENT_NOMBRE) VALUES(147, 13, CURRENT_DATE, 'PatronDeDocumentacionFlow');
INSERT INTO TC_INTENT (INTENT_ID, CATEGORIA_ID, INTENT_FECHA_CREACION, INTENT_NOMBRE) VALUES(148, 13, CURRENT_DATE, 'PatronDeEmbarquefTemasDocumentacion');
INSERT INTO TC_INTENT (INTENT_ID, CATEGORIA_ID, INTENT_FECHA_CREACION, INTENT_NOMBRE) VALUES(149, 13, CURRENT_DATE, 'PatronDeEquipoVaciofNuevoPatron');
INSERT INTO TC_INTENT (INTENT_ID, CATEGORIA_ID, INTENT_FECHA_CREACION, INTENT_NOMBRE) VALUES(150, 13, CURRENT_DATE, 'PatronDeVacioFlow');
INSERT INTO TC_INTENT (INTENT_ID, CATEGORIA_ID, INTENT_FECHA_CREACION, INTENT_NOMBRE) VALUES(151, 13, CURRENT_DATE, 'PatronEquipoVaciofSolicitudEquipoVacio');
INSERT INTO TC_INTENT (INTENT_ID, CATEGORIA_ID, INTENT_FECHA_CREACION, INTENT_NOMBRE) VALUES(152, 13, CURRENT_DATE, 'ProblemasAlLiberarfLiberarEquipoRVPMenu');
INSERT INTO TC_INTENT (INTENT_ID, CATEGORIA_ID, INTENT_FECHA_CREACION, INTENT_NOMBRE) VALUES(153, 13, CURRENT_DATE, 'QueEsUnPatronFlow');
INSERT INTO TC_INTENT (INTENT_ID, CATEGORIA_ID, INTENT_FECHA_CREACION, INTENT_NOMBRE) VALUES(154, 13, CURRENT_DATE, 'RecibirIdUnidad');
INSERT INTO TC_INTENT (INTENT_ID, CATEGORIA_ID, INTENT_FECHA_CREACION, INTENT_NOMBRE) VALUES(155, 13, CURRENT_DATE, 'RegresarInicioGenerico');
INSERT INTO TC_INTENT (INTENT_ID, CATEGORIA_ID, INTENT_FECHA_CREACION, INTENT_NOMBRE) VALUES(156, 13, CURRENT_DATE, 'RequisitosParaDocumentarFlow');
INSERT INTO TC_INTENT (INTENT_ID, CATEGORIA_ID, INTENT_FECHA_CREACION, INTENT_NOMBRE) VALUES(157, 13, CURRENT_DATE, 'SIFlow');
INSERT INTO TC_INTENT (INTENT_ID, CATEGORIA_ID, INTENT_FECHA_CREACION, INTENT_NOMBRE) VALUES(158, 13, CURRENT_DATE, 'SIPreguntaSeguridadEbolfOlvideContraseña');
INSERT INTO TC_INTENT (INTENT_ID, CATEGORIA_ID, INTENT_FECHA_CREACION, INTENT_NOMBRE) VALUES(159, 13, CURRENT_DATE, 'SeguimientoPedidofSolicitudEquipoVacio');
INSERT INTO TC_INTENT (INTENT_ID, CATEGORIA_ID, INTENT_FECHA_CREACION, INTENT_NOMBRE) VALUES(160, 13, CURRENT_DATE, 'ServiciosDel12ServiciosDiversos');
INSERT INTO TC_INTENT (INTENT_ID, CATEGORIA_ID, INTENT_FECHA_CREACION, INTENT_NOMBRE) VALUES(161, 13, CURRENT_DATE, 'ServiciosDel9-11ServiciosDiversos');
INSERT INTO TC_INTENT (INTENT_ID, CATEGORIA_ID, INTENT_FECHA_CREACION, INTENT_NOMBRE) VALUES(162, 13, CURRENT_DATE, 'SolicitarCarroVaciofSolicitudEquipoVacio');
INSERT INTO TC_INTENT (INTENT_ID, CATEGORIA_ID, INTENT_FECHA_CREACION, INTENT_NOMBRE) VALUES(181, 3, CURRENT_DATE, 'ArrastreIntraterminalfServiciosDiversos');
INSERT INTO TC_INTENT (INTENT_ID, CATEGORIA_ID, INTENT_FECHA_CREACION, INTENT_NOMBRE) VALUES(182, 3, CURRENT_DATE, 'CambioDeDestinoifServiciosDiversos');
INSERT INTO TC_INTENT (INTENT_ID, CATEGORIA_ID, INTENT_FECHA_CREACION, INTENT_NOMBRE) VALUES(183, 3, CURRENT_DATE, 'CambioDeDocumentacionfServiciosDiversos');
INSERT INTO TC_INTENT (INTENT_ID, CATEGORIA_ID, INTENT_FECHA_CREACION, INTENT_NOMBRE) VALUES(184, 3,CURRENT_DATE, 'CancelacionDeGuiafServiciosDiversos');
INSERT INTO TC_INTENT (INTENT_ID, CATEGORIA_ID, INTENT_FECHA_CREACION, INTENT_NOMBRE) VALUES(185, 3, CURRENT_DATE, 'ChangeOfRoutefServiciosDiversos');
INSERT INTO TC_INTENT (INTENT_ID, CATEGORIA_ID, INTENT_FECHA_CREACION, INTENT_NOMBRE) VALUES(186, 1, CURRENT_DATE, 'confirmacionDatos');
INSERT INTO TC_INTENT (INTENT_ID, CATEGORIA_ID, INTENT_FECHA_CREACION, INTENT_NOMBRE) VALUES(187, 1, CURRENT_DATE, 'confirmacionDatosNegativa');
INSERT INTO TC_INTENT (INTENT_ID, CATEGORIA_ID, INTENT_FECHA_CREACION, INTENT_NOMBRE) VALUES(188, 1, CURRENT_DATE, 'ContinuarNoFlowRedirectEncuesta');
INSERT INTO TC_INTENT (INTENT_ID, CATEGORIA_ID, INTENT_FECHA_CREACION, INTENT_NOMBRE) VALUES(189, 1, CURRENT_DATE, 'CuatroGenericoStart');
INSERT INTO TC_INTENT (INTENT_ID, CATEGORIA_ID, INTENT_FECHA_CREACION, INTENT_NOMBRE) VALUES(190, 3, CURRENT_DATE, 'DetencionDeUnidadesfServiciosDiversos');
INSERT INTO TC_INTENT (INTENT_ID, CATEGORIA_ID, INTENT_FECHA_CREACION, INTENT_NOMBRE) VALUES(191, 3, CURRENT_DATE, 'DirectorioDeContactosfServiciosDiversos');
INSERT INTO TC_INTENT (INTENT_ID, CATEGORIA_ID, INTENT_FECHA_CREACION, INTENT_NOMBRE) VALUES(192, 3, CURRENT_DATE, 'DiversionfServiciosDiversos');
INSERT INTO TC_INTENT (INTENT_ID, CATEGORIA_ID, INTENT_FECHA_CREACION, INTENT_NOMBRE) VALUES(193, 1, CURRENT_DATE, 'FaltaPatronParaDocumentarEbolStart');
INSERT INTO TC_INTENT (INTENT_ID, CATEGORIA_ID, INTENT_FECHA_CREACION, INTENT_NOMBRE) VALUES(194, 3, CURRENT_DATE, 'LiberacionDeFaltaDeEquipofServiciosDiversos');
INSERT INTO TC_INTENT (INTENT_ID, CATEGORIA_ID, INTENT_FECHA_CREACION, INTENT_NOMBRE) VALUES(195, 3, CURRENT_DATE, 'LiberacionDeUnidadesfServiciosDiversos');
INSERT INTO TC_INTENT (INTENT_ID, CATEGORIA_ID, INTENT_FECHA_CREACION, INTENT_NOMBRE) VALUES(196, 1, CURRENT_DATE, 'menuStart');
INSERT INTO TC_INTENT (INTENT_ID, CATEGORIA_ID, INTENT_FECHA_CREACION, INTENT_NOMBRE) VALUES(197, 3, CURRENT_DATE, 'MiscellaneousServicesfServicios');
INSERT INTO TC_INTENT (INTENT_ID, CATEGORIA_ID, INTENT_FECHA_CREACION, INTENT_NOMBRE) VALUES(198, 1, CURRENT_DATE, 'NoDosGeneral');
INSERT INTO TC_INTENT (INTENT_ID, CATEGORIA_ID, INTENT_FECHA_CREACION, INTENT_NOMBRE) VALUES(199, 1, CURRENT_DATE, 'NOfComentarios');
INSERT INTO TC_INTENT (INTENT_ID, CATEGORIA_ID, INTENT_FECHA_CREACION, INTENT_NOMBRE) VALUES(200, 1, CURRENT_DATE, 'NoPreguntaSeguridadEbolfOlvideContraseñaEbol');
INSERT INTO TC_INTENT (INTENT_ID, CATEGORIA_ID, INTENT_FECHA_CREACION, INTENT_NOMBRE) VALUES(201, 1, CURRENT_DATE, 'QueEsUnPatronMenuStart');
INSERT INTO TC_INTENT (INTENT_ID, CATEGORIA_ID, INTENT_FECHA_CREACION, INTENT_NOMBRE) VALUES(202, 3, CURRENT_DATE, 'RentaDeLocomotorafServiciosDiversos');
INSERT INTO TC_INTENT (INTENT_ID, CATEGORIA_ID, INTENT_FECHA_CREACION, INTENT_NOMBRE) VALUES(203, 1, CURRENT_DATE, 'salir');
INSERT INTO TC_INTENT (INTENT_ID, CATEGORIA_ID, INTENT_FECHA_CREACION, INTENT_NOMBRE) VALUES(204, 1, CURRENT_DATE, 'SeguimientoDeVaciofStart');
INSERT INTO TC_INTENT (INTENT_ID, CATEGORIA_ID, INTENT_FECHA_CREACION, INTENT_NOMBRE) VALUES(205, 1, CURRENT_DATE, 'SIfComentarios');
INSERT INTO TC_INTENT (INTENT_ID, CATEGORIA_ID, INTENT_FECHA_CREACION, INTENT_NOMBRE) VALUES(206, 1, CURRENT_DATE, 'SiUnoGeneral');
INSERT INTO TC_INTENT (INTENT_ID, CATEGORIA_ID, INTENT_FECHA_CREACION, INTENT_NOMBRE) VALUES(207, 1, CURRENT_DATE, 'SolicitarCarroVaciofSolicitudesySeguimiento');
INSERT INTO TC_INTENT (INTENT_ID, CATEGORIA_ID, INTENT_FECHA_CREACION, INTENT_NOMBRE) VALUES(208, 1, CURRENT_DATE, 'SolicitarMasContextoStart');
INSERT INTO TC_INTENT (INTENT_ID, CATEGORIA_ID, INTENT_FECHA_CREACION, INTENT_NOMBRE) VALUES(209, 1, CURRENT_DATE, 'SolicitarNuevoPatronfPatron');
INSERT INTO TC_INTENT (INTENT_ID, CATEGORIA_ID, INTENT_FECHA_CREACION, INTENT_NOMBRE) VALUES(210, 1, CURRENT_DATE, 'SolicitarNuevoPatronVacioStart');
INSERT INTO TC_INTENT (INTENT_ID, CATEGORIA_ID, INTENT_FECHA_CREACION, INTENT_NOMBRE) VALUES(211, 1, CURRENT_DATE, 'SolicitudEquipoVaciofSolicitudesYSeguimiento');
INSERT INTO TC_INTENT (INTENT_ID, CATEGORIA_ID, INTENT_FECHA_CREACION, INTENT_NOMBRE) VALUES(241, 14, CURRENT_DATE, 'CambioIdioma');
INSERT INTO TC_INTENT (INTENT_ID, CATEGORIA_ID, INTENT_FECHA_CREACION, INTENT_NOMBRE) VALUES(261, 15, CURRENT_DATE, 'SituadoDeUnidadStart');
INSERT INTO TC_INTENT (INTENT_ID, CATEGORIA_ID, INTENT_FECHA_CREACION, INTENT_NOMBRE) VALUES(262, 15, CURRENT_DATE, 'continuarAfSituado');

INSERT INTO TC_INTENT (INTENT_ID, CATEGORIA_ID, INTENT_FECHA_CREACION, INTENT_NOMBRE) VALUES(263, 13, CURRENT_DATE, 'CierreSesion');
INSERT INTO TC_INTENT (INTENT_ID, CATEGORIA_ID, INTENT_FECHA_CREACION, INTENT_NOMBRE) VALUES(264, 13, CURRENT_DATE, 'DefaultNegativeIntent');
INSERT INTO TC_INTENT (INTENT_ID, CATEGORIA_ID, INTENT_FECHA_CREACION, INTENT_NOMBRE) VALUES(265, 15, CURRENT_DATE, 'noConfirmarSituadofSituado');
INSERT INTO TC_INTENT (INTENT_ID, CATEGORIA_ID, INTENT_FECHA_CREACION, INTENT_NOMBRE) VALUES(266, 15, CURRENT_DATE, 'confirmarSituadofSituado');

